pattern_id,name,permalink,published,free,price,currency,craft,pattern_categories,yarn_weight,yarn_weight_description,gauge,row_gauge,gauge_description,yardage,yardage_max,yardage_description,projects_count,favorites_count,queued_projects_count,difficulty_average,rating_average,rating_count,downloadable
7498393,Elza Sweater,elza-sweater,,False,,,,null,,,,,,,,,,,,,,,
7498528,Sway Sweater,sway-sweater,,True,,,,null,,,,,,,,,,,,,,,
1255578,Step by Step Sweater,step-by-step-sweater,,True,,,,null,,,,,,,,,,,,,,,
7497807,Ridgewood Sweater,ridgewood-sweater,,False,,,,null,,,,,,,,,,,,,,,
7497838,BABA sweater Chunky,baba-sweater-chunky,,False,,,,null,,,,,,,,,,,,,,,
7498559,The Beginner Boho Sweater,the-beginner-boho-sweater,,False,,,,null,,,,,,,,,,,,,,,
7345961,Olga Sweater,olga-sweater,,False,,,,null,,,,,,,,,,,,,,,
7304956,Cloud Sweater,cloud-sweater-8,,False,,,,null,,,,,,,,,,,,,,,
7475540,Sweater No. 33,sweater-no-33,,False,,,,null,,,,,,,,,,,,,,,
7498127,Moonlight Sweater,moonlight-sweater-5,,False,,,,null,,,,,,,,,,,,,,,
1261294,Monday Sweater,monday-sweater-2,,False,,,,null,,,,,,,,,,,,,,,
7497855,The Baby Loon Sweater,the-baby-loon-sweater,,False,,,,null,,,,,,,,,,,,,,,
7498378,Maple Sweater,maple-sweater-7,,False,,,,null,,,,,,,,,,,,,,,
7498538,Snowdrift Sweater,snowdrift-sweater-4,,False,,,,null,,,,,,,,,,,,,,,
1197380,Sweater No. 18,sweater-no-18,,False,,,,null,,,,,,,,,,,,,,,
7455631,Rosie Sweater,rosie-sweater-4,,False,,,,null,,,,,,,,,,,,,,,
7498523,Meadow,meadow-24,,False,,,,null,,,,,,,,,,,,,,,
1352501,Storm Sweater,storm-sweater-3,,False,,,,null,,,,,,,,,,,,,,,
7450350,Ivy Sweater,ivy-sweater-6,,False,,,,null,,,,,,,,,,,,,,,
7497663,Carrie Sweater,carrie-sweater-2,,False,,,,null,,,,,,,,,,,,,,,
1330476,Salty Days Sweater,salty-days-sweater,,False,,,,null,,,,,,,,,,,,,,,
7467169,Frankie Sweater,frankie-sweater-2,,False,,,,null,,,,,,,,,,,,,,,
7498469,Nintai Sweater,nintai-sweater,,False,,,,null,,,,,,,,,,,,,,,
1341627,Field Sweater,field-sweater,,False,,,,null,,,,,,,,,,,,,,,
7497569,Porter,porter-4,,True,,,,null,,,,,,,,,,,,,,,
754478,Ranunculus,ranunculus-3,,False,,,,null,,,,,,,,,,,,,,,
1135503,Sweater No. 15,sweater-no-15,,False,,,,null,,,,,,,,,,,,,,,
7302105,Sweater No. 28,sweater-no-28,,False,,,,null,,,,,,,,,,,,,,,
1293794,Porcelain Sweater,porcelain-sweater,,False,,,,null,,,,,,,,,,,,,,,
1281925,Sweater No. 23,sweater-no-23,,False,,,,null,,,,,,,,,,,,,,,
7351460,Sweater No. 29,sweater-no-29,,False,,,,null,,,,,,,,,,,,,,,
7321214,Norma Sweater,norma-sweater-3,,False,,,,null,,,,,,,,,,,,,,,
7498372,Into Thin Air,into-thin-air,,True,,,,null,,,,,,,,,,,,,,,
7365396,Amy Sweater,amy-sweater-2,,False,,,,null,,,,,,,,,,,,,,,
7426725,Sweater No. 32,sweater-no-32,,False,,,,null,,,,,,,,,,,,,,,
1135501,Sweater No. 14 V-neck,sweater-no-14-v-neck,,False,,,,null,,,,,,,,,,,,,,,
7319898,Holger Sweater,holger-sweater,,False,,,,null,,,,,,,,,,,,,,,
1340514,Stripe Hype Sweater,stripe-hype-sweater,,False,,,,null,,,,,,,,,,,,,,,
1007889,Sweater No. 9,sweater-no-9,,False,,,,null,,,,,,,,,,,,,,,
7495106,Sunstone Sweater,sunstone-sweater,,False,,,,null,,,,,,,,,,,,,,,
7498608,Lora Sweater,lora-sweater,,True,,,,null,,,,,,,,,,,,,,,
7498651,Ladder Back Sweater,ladder-back-sweater,,False,,,,null,,,,,,,,,,,,,,,
7498625,Rustic Stripe Sweater,rustic-stripe-sweater,,False,,,,null,,,,,,,,,,,,,,,
7498659,Haven Sweater,haven-sweater-2,,False,,,,null,,,,,,,,,,,,,,,
7498662,Sea Fret Sweater,sea-fret-sweater,,False,,,,null,,,,,,,,,,,,,,,
7498663,Ringrostig Sweater,ringrostig-sweater,,False,,,,null,,,,,,,,,,,,,,,
7498747,Renée sweater,renee-sweater-3,,False,,,,null,,,,,,,,,,,,,,,
7498762,Thea Sweater,thea-sweater,,False,,,,null,,,,,,,,,,,,,,,
7498769,Mini Dachshund in Sweater,mini-dachshund-in-sweater,,False,,,,null,,,,,,,,,,,,,,,
7498772,Savanna Sweater,savanna-sweater,,False,,,,null,,,,,,,,,,,,,,,
7498777,Painted Fern Sweater,painted-fern-sweater,,False,,,,null,,,,,,,,,,,,,,,
7498824,Skye Sweater,skye-sweater-4,,False,,,,null,,,,,,,,,,,,,,,
7498827,Childhood Hills Sweater KAL,childhood-hills-sweater-kal,,False,,,,null,,,,,,,,,,,,,,,
1296431,Sweater No. 9 light,sweater-no-9-light,,False,,,,null,,,,,,,,,,,,,,,
7498353,Cherry Tart,cherry-tart-2,,False,,,,null,,,,,,,,,,,,,,,
1135488,Sweater No. 14,sweater-no-14-2,,False,,,,null,,,,,,,,,,,,,,,
7414948,Sweater No. 30 V-neck,sweater-no-30-v-neck,,False,,,,null,,,,,,,,,,,,,,,
1333551,Sweater No. 26,sweater-no-26,,False,,,,null,,,,,,,,,,,,,,,
710742,No Frills Sweater,no-frills-sweater,,False,,,,null,,,,,,,,,,,,,,,
7393361,Key Sweater,key-sweater,,False,,,,null,,,,,,,,,,,,,,,
7287878,Sweater No. 11 Light,sweater-no-11-light,,False,,,,null,,,,,,,,,,,,,,,
1274990,Moby Sweater,moby-sweater,,False,,,,null,,,,,,,,,,,,,,,
1303702,Edinburgh Seamless Dog Sweater,edinburgh-seamless-dog-sweater,,True,,,,null,,,,,,,,,,,,,,,
1224946,Ingrid Sweater,ingrid-sweater-3,,False,,,,null,,,,,,,,,,,,,,,
1347649,Sonja Sweater,sonja-sweater-2,,False,,,,null,,,,,,,,,,,,,,,
7497126,Tain,tain,,False,,,,null,,,,,,,,,,,,,,,
7398795,Sweater No. 30,sweater-no-30,,False,,,,null,,,,,,,,,,,,,,,
7475248,The Loon Sweater,the-loon-sweater,,False,,,,null,,,,,,,,,,,,,,,
1326659,Sweater No. 25,sweater-no-25,,False,,,,null,,,,,,,,,,,,,,,
1237485,Sweater No. 20,sweater-no-20,,False,,,,null,,,,,,,,,,,,,,,
1331628,Lyon Sweater,lyon-sweater,,False,,,,null,,,,,,,,,,,,,,,
7498129,Desi Sweater,desi-sweater,,False,,,,null,,,,,,,,,,,,,,,
1007943,Sweater No. 6,sweater-no-6,,False,,,,null,,,,,,,,,,,,,,,
7282561,Celeste Sweater,celeste-sweater-4,,False,,,,null,,,,,,,,,,,,,,,
7497142,Æbleblomst | Apple Flower,bleblomst--apple-flower,,False,,,,null,,,,,,,,,,,,,,,
7498584,Sweater Burbuja,sweater-burbuja,,False,,,,null,,,,,,,,,,,,,,,
7498473,Nintai Mini Sweater,nintai-mini-sweater,,False,,,,null,,,,,,,,,,,,,,,
7446187,Ooey Gooey,ooey-gooey,,False,,,,null,,,,,,,,,,,,,,,
1352505,Storm Sweater Junior,storm-sweater-junior,,False,,,,null,,,,,,,,,,,,,,,
1290899,Zipper Sweater Light Man,zipper-sweater-light-man,,False,,,,null,,,,,,,,,,,,,,,
7290096,Doppio Sweater,doppio-sweater,,False,,,,null,,,,,,,,,,,,,,,
1299115,Eun Sweater,eun-sweater,,False,,,,null,,,,,,,,,,,,,,,
1290188,Moby Sweater Man,moby-sweater-man,,False,,,,null,,,,,,,,,,,,,,,
7315487,Braidy Loop Sweater,braidy-loop-sweater,,False,,,,null,,,,,,,,,,,,,,,
7497510,Frankie Blouse,frankie-blouse,,False,,,,null,,,,,,,,,,,,,,,
7484357,Rosie Yoke Sweater,rosie-yoke-sweater,,False,,,,null,,,,,,,,,,,,,,,
7442872,The Sardine Sweater,the-sardine-sweater,,False,,,,null,,,,,,,,,,,,,,,
1063614,Sweater No. 11,sweater-no-11,,False,,,,null,,,,,,,,,,,,,,,
1320995,Sweater No. 24,sweater-no-24,,False,,,,null,,,,,,,,,,,,,,,
7287872,Sweater No. 27,sweater-no-27,,False,,,,null,,,,,,,,,,,,,,,
7497802,Campus Days sweater,campus-days-sweater,,False,,,,null,,,,,,,,,,,,,,,
1268905,Sweater No. 21,sweater-no-21,,False,,,,null,,,,,,,,,,,,,,,
1120762,Louvre Sweater,louvre-sweater,,False,,,,null,,,,,,,,,,,,,,,
7477580,Hannah Sweater V-neck,hannah-sweater-v-neck,,False,,,,null,,,,,,,,,,,,,,,
7495520,Soft Current Sweater,soft-current-sweater,,False,,,,null,,,,,,,,,,,,,,,
7496474,Calgary Bay Sweater,calgary-bay-sweater,,False,,,,null,,,,,,,,,,,,,,,
7331372,Step by Step Cardigan,step-by-step-cardigan,,False,,,,null,,,,,,,,,,,,,,,
1224034,Sweater No. 19,sweater-no-19,,False,,,,null,,,,,,,,,,,,,,,
954217,Sweater No. 1,sweater-no-1,,False,,,,null,,,,,,,,,,,,,,,
1072115,Sweater No. 12,sweater-no-12,,False,,,,null,,,,,,,,,,,,,,,
7376669,Portland Raglan Dog Sweater,portland-raglan-dog-sweater,,True,,,,null,,,,,,,,,,,,,,,
1276230,Sweater No. 22,sweater-no-22,,False,,,,null,,,,,,,,,,,,,,,
7398796,Sweater No. 31,sweater-no-31,,False,,,,null,,,,,,,,,,,,,,,
1007881,Sweater No. 8,sweater-no-8,,False,,,,null,,,,,,,,,,,,,,,
7372154,Bergman Sweater,bergman-sweater,,False,,,,null,,,,,,,,,,,,,,,
1221051,Sweater No. 13,sweater-no-13,,False,,,,null,,,,,,,,,,,,,,,
1276383,Sweater of Swords,sweater-of-swords,,False,,,,null,,,,,,,,,,,,,,,
7288403,Stick Season Sweater,stick-season-sweater,,False,,,,null,,,,,,,,,,,,,,,
7444303,The Florence Sweater,the-florence-sweater,,False,,,,null,,,,,,,,,,,,,,,
7497540,Moruru Collar Sweater,moruru-collar-sweater,,False,,,,null,,,,,,,,,,,,,,,
7497613,Suna Sweater V-Neck,suna-sweater-v-neck,,False,,,,null,,,,,,,,,,,,,,,
1185873,Sweater No. 16,sweater-no-16,,False,,,,null,,,,,,,,,,,,,,,
7497519,Milky Sweater,milky-sweater,,False,,,,null,,,,,,,,,,,,,,,
7497200,Rosie Yoke Blouse,rosie-yoke-blouse,,False,,,,null,,,,,,,,,,,,,,,
7341474,SABAI Top,sabai-top,,False,,,,null,,,,,,,,,,,,,,,
1197383,Sweater No. 17,sweater-no-17,,False,,,,null,,,,,,,,,,,,,,,
1155681,Sweater Wrap Scarf,sweater-wrap-scarf,,True,,,,null,,,,,,,,,,,,,,,
7459904,Firth Sweater,firth-sweater,,False,,,,null,,,,,,,,,,,,,,,
1007879,Sweater No. 7,sweater-no-7,,False,,,,null,,,,,,,,,,,,,,,
1007900,Sweater No. 5,sweater-no-5,,False,,,,null,,,,,,,,,,,,,,,
1176331,SWEATER,sweater-235,,False,,,,null,,,,,,,,,,,,,,,
1288841,Arctic Light Sweater,arctic-light-sweater,,False,,,,null,,,,,,,,,,,,,,,
7291033,Cinema Sweater,cinema-sweater,,False,,,,null,,,,,,,,,,,,,,,
1007884,Sweater No. 2,sweater-no-2-2,,False,,,,null,,,,,,,,,,,,,,,
1329876,Sweater No. 15,sweater-no-15-2,,False,,,,null,,,,,,,,,,,,,,,
7312520,Sweater Weather Pullover,sweater-weather-pullover,,False,,,,null,,,,,,,,,,,,,,,
7295497,Sweater Ornaments,sweater-ornaments-5,,False,,,,null,,,,,,,,,,,,,,,
7407945,Harriet Sweater,harriet-sweater,,False,,,,null,,,,,,,,,,,,,,,
7414153,Sweater : Wonderlights,sweater--wonderlights,,False,,,,null,,,,,,,,,,,,,,,
7396750,Sweater : Winter Storm,sweater--winter-storm,,False,,,,null,,,,,,,,,,,,,,,
7404646,Sweater Scarf : Twilight,sweater-scarf--twilight,,False,,,,null,,,,,,,,,,,,,,,
7379856,Sweater Wrap Scarf,sweater-wrap-scarf-2,,True,,,,null,,,,,,,,,,,,,,,
719901,Sweater Blank,sweater-blank,,False,,,,null,,,,,,,,,,,,,,,
1063621,Sweater No. 10,sweater-no-10,,False,,,,null,,,,,,,,,,,,,,,
1181372,Sweater 10299,sweater-10299,,False,,,,null,,,,,,,,,,,,,,,
1277628,Sweater,sweater-257,,True,,,,null,,,,,,,,,,,,,,,
7309717,Sweater KALANI,sweater-kalani,,False,,,,null,,,,,,,,,,,,,,,
7365554,Sweater No40,sweater-no40,,False,,,,null,,,,,,,,,,,,,,,
881730,Sweater Weather Cardi,sweater-weather-cardi,,True,,,,null,,,,,,,,,,,,,,,
1286816,Zipper Sweater Light,zipper-sweater-light,,False,,,,null,,,,,,,,,,,,,,,
983150,Sweater with Letter,sweater-with-letter-2,,False,,,,null,,,,,,,,,,,,,,,
7477355,Sweater for men,sweater-for-men-3,,False,,,,null,,,,,,,,,,,,,,,
7495940,Sweater for women the square,sweater-for-women-the-square,,False,,,,null,,,,,,,,,,,,,,,
7490031,Sweater Wrap Scarf,sweater-wrap-scarf-3,,False,,,,null,,,,,,,,,,,,,,,
248939,Sweater with Trumpet Sleeves,sweater-with-trumpet-sleeves,,False,,,,null,,,,,,,,,,,,,,,
856129,Sweater G0199,sweater-g0199,,False,,,,null,,,,,,,,,,,,,,,
1041227,Sweater Geometric,sweater-geometric,,False,,,,null,,,,,,,,,,,,,,,
7390802,Sweater med krave,sweater-med-krave,,False,,,,null,,,,,,,,,,,,,,,
7410402,"Sweater ""Twist""",sweater-twist,,False,,,,null,,,,,,,,,,,,,,,
7449231,Sweater with granny squares,sweater-with-granny-squares-3,,False,,,,null,,,,,,,,,,,,,,,
7421068,Sweater La Polcura,sweater-la-polcura,,False,,,,null,,,,,,,,,,,,,,,
7456358,Sweater Preppy & Lace Preppy,sweater-preppy--lace-preppy,,False,,,,null,,,,,,,,,,,,,,,
7422741,sweater red,sweater-red,,False,,,,null,,,,,,,,,,,,,,,
7435418,Sweater Curamalal,sweater-curamalal,,False,,,,null,,,,,,,,,,,,,,,
7465769,Sweater Sandström,sweater-sandstrom,,False,,,,null,,,,,,,,,,,,,,,
7467869,Sweater no 1 for women,sweater-no-1-for-women,,False,,,,null,,,,,,,,,,,,,,,
7490260,"Sweater ""Miraggio""",sweater-miraggio,,False,,,,null,,,,,,,,,,,,,,,
138318,Sweater LM0111,sweater-lm0111,,True,,,,null,,,,,,,,,,,,,,,
119643,Sweater Wheel,sweater-wheel,,False,,,,null,,,,,,,,,,,,,,,
160159,Sweater Shawl,sweater-shawl-4,,False,,,,null,,,,,,,,,,,,,,,
18401,Sweater Wizard,sweater-wizard,,False,,,,null,,,,,,,,,,,,,,,
68220,Sweater with Circular Ribbed Yoke,sweater-with-circular-ribbed-yoke,,False,,,,null,,,,,,,,,,,,,,,
1342077,Sweater Nativo,sweater-nativo,,False,,,,null,,,,,,,,,,,,,,,
34574,Sweater #LM0125,sweater-lm0125,,True,,,,null,,,,,,,,,,,,,,,
136991,Sweater with Stripes,sweater-with-stripes,,True,,,,null,,,,,,,,,,,,,,,
131603,Sweater Vest #60343AD,sweater-vest-60343ad,,True,,,,null,,,,,,,,,,,,,,,
153466,Sweater LM0112,sweater-lm0112,,True,,,,null,,,,,,,,,,,,,,,
252055,Sweater Girl,sweater-girl-2,,True,,,,null,,,,,,,,,,,,,,,
201149,Sweater with Large Shawl Collar,sweater-with-large-shawl-collar,,False,,,,null,,,,,,,,,,,,,,,
384329,Sweater with collar and cable trim,sweater-with-collar-and-cable-trim,,True,,,,null,,,,,,,,,,,,,,,
476370,Sweater Weather,sweater-weather,,False,,,,null,,,,,,,,,,,,,,,
509731,Sweater,sweater-124,,False,,,,null,,,,,,,,,,,,,,,
545106,Sweater with Leaves Patterns,sweater-with-leaves-patterns,,True,,,,null,,,,,,,,,,,,,,,
545720,Sweater Cape,sweater-cape,,False,,,,null,,,,,,,,,,,,,,,
702802,Sweater in two colors,sweater-in-two-colors,,False,,,,null,,,,,,,,,,,,,,,
707437,Sweater med stjerner,sweater-med-stjerner,,True,,,,null,,,,,,,,,,,,,,,
766664,Sweater,sweater-156,,False,,,,null,,,,,,,,,,,,,,,
814333,Sweater med grafisk mønster,sweater-med-grafisk-mnster,,True,,,,null,,,,,,,,,,,,,,,
821310,Sweater med påfuglemønster,sweater-med-pafuglemnster,,True,,,,null,,,,,,,,,,,,,,,
884220,Sweater in Zigzag (2423BC),sweater-in-zigzag-2423bc,,True,,,,null,,,,,,,,,,,,,,,
884217,Sweater Pulli Jersey No. 113-T14-127,sweater-pulli-jersey-no-113-t14-127,,True,,,,null,,,,,,,,,,,,,,,
877694,Sweater for Martin Matte Foundation,sweater-for-martin-matte-foundation,,True,,,,null,,,,,,,,,,,,,,,
879410,Sweater on the Diagonal,sweater-on-the-diagonal,,False,,,,null,,,,,,,,,,,,,,,
1007895,Sweater No. 3,sweater-no-3,,False,,,,null,,,,,,,,,,,,,,,
1020411,Sweater JOSY - No.235,sweater-josy---no235,,False,,,,null,,,,,,,,,,,,,,,
1057348,Sweater from Aaseral,sweater-from-aaseral,,False,,,,null,,,,,,,,,,,,,,,
1073815,Sweater,sweater-210,,False,,,,null,,,,,,,,,,,,,,,
1062016,Sweater med mønster,sweater-med-mnster,,False,,,,null,,,,,,,,,,,,,,,
1125279,Sweater Jakt,sweater-jakt,,False,,,,null,,,,,,,,,,,,,,,
1116495,Sweater Edith,sweater-edith-2,,False,,,,null,,,,,,,,,,,,,,,
1132837,Sweater of the year / Årets genser,sweater-of-the-year---arets-genser,,False,,,,null,,,,,,,,,,,,,,,
1180341,Sweater 10309,sweater-10309,,False,,,,null,,,,,,,,,,,,,,,
1181423,Sweater & Scarf 10298,sweater--scarf-10298,,False,,,,null,,,,,,,,,,,,,,,
1169444,Sweater Bombay CC.,sweater-bombay-cc,,False,,,,null,,,,,,,,,,,,,,,
1181383,Sweater 10301,sweater-10301,,False,,,,null,,,,,,,,,,,,,,,
1181418,Sweater 10296,sweater-10296,,False,,,,null,,,,,,,,,,,,,,,
1162711,Sweater Pico SP,sweater-pico-sp,,False,,,,null,,,,,,,,,,,,,,,
1220140,Sweater Sweater,sweater-sweater,,False,,,,null,,,,,,,,,,,,,,,
1180351,Sweater 10311,sweater-10311,,False,,,,null,,,,,,,,,,,,,,,
1232305,Sweater «Annett»,sweater-annett,,False,,,,null,,,,,,,,,,,,,,,
1273408,Sweater VACATIONS,sweater-vacations,,False,,,,null,,,,,,,,,,,,,,,
1304301,Sweater lolli pop,sweater-lolli-pop,,False,,,,null,,,,,,,,,,,,,,,
1306065,Sweater Rose,sweater-rose-2,,False,,,,null,,,,,,,,,,,,,,,
1335629,Sweater with Diamonds S9375,sweater-with-diamonds-s9375,,True,,,,null,,,,,,,,,,,,,,,
1331145,Sweater in fisherman’s rib 1698,sweater-in-fishermans-rib-1698,,True,,,,null,,,,,,,,,,,,,,,
1369039,Sweater Cuspide,sweater-cuspide,,False,,,,null,,,,,,,,,,,,,,,
7304319,Sweater No.16,sweater-no16,,False,,,,null,,,,,,,,,,,,,,,
7295596,Sweater No26,sweater-no26,,False,,,,null,,,,,,,,,,,,,,,
1369043,Sweater Sosiego,sweater-sosiego,,False,,,,null,,,,,,,,,,,,,,,
7371485,Sweater S,sweater-s,,False,,,,null,,,,,,,,,,,,,,,
7388351,Sweater Paws and Stripes,sweater-paws-and-stripes,,True,,,,null,,,,,,,,,,,,,,,
7404133,Sweater No52,sweater-no52,,False,,,,null,,,,,,,,,,,,,,,
7391041,Sweater 5,sweater-5,,False,,,,null,,,,,,,,,,,,,,,
7403785,Sweater No35,sweater-no35,,False,,,,null,,,,,,,,,,,,,,,
7468669,Sweater No17,sweater-no17,,False,,,,null,,,,,,,,,,,,,,,
7449278,Sweater Winter,sweater-winter,,False,,,,null,,,,,,,,,,,,,,,
7475892,Sweater No57,sweater-no57,,False,,,,null,,,,,,,,,,,,,,,
572077,Sweater With Cables,sweater-with-cables-3,,False,,,,null,,,,,,,,,,,,,,,
100911,Sweater Scarf,sweater-scarf,,False,,,,null,,,,,,,,,,,,,,,
196742,Sweater for Newborns,sweater-for-newborns,,True,,,,null,,,,,,,,,,,,,,,
689841,Sweater No. 8483,sweater-no-8483,,False,,,,null,,,,,,,,,,,,,,,
915147,Sweater hoodie,sweater-hoodie,,True,,,,null,,,,,,,,,,,,,,,
7314343,Sweater Shawl,sweater-shawl-9,,False,,,,null,,,,,,,,,,,,,,,
66192,Sweater Shaped Shawl,sweater-shaped-shawl,,True,,,,null,,,,,,,,,,,,,,,
55616,Sweater & Blanket (Sweater),sweater--blanket-sweater,,True,,,,null,,,,,,,,,,,,,,,
146974,Sweater #4,sweater-4-2,,False,,,,null,,,,,,,,,,,,,,,
195406,Sweater with Locked Turning Stitches at Edges,sweater-with-locked-turning-stitches-at-edges,,False,,,,null,,,,,,,,,,,,,,,
190756,Sweater 2,sweater-2-2,,True,,,,null,,,,,,,,,,,,,,,
316919,Sweater with Square Armholes,sweater-with-square-armholes,,False,,,,null,,,,,,,,,,,,,,,
389856,Sweater Lots of Love,sweater-lots-of-love,,True,,,,null,,,,,,,,,,,,,,,
788451,"Sweater ""Spring""",sweater-spring,,False,,,,null,,,,,,,,,,,,,,,
943251,Sweater «Soaring sheep»,sweater-soaring-sheep,,False,,,,null,,,,,,,,,,,,,,,
921382,"Sweater ""Marshmallow""",sweater-marshmallow,,False,,,,null,,,,,,,,,,,,,,,
933083,Sweater,sweater-140,,False,,,,null,,,,,,,,,,,,,,,
1238798,Sweater Historia,sweater-historia,,False,,,,null,,,,,,,,,,,,,,,
1367852,Sweater Lupe,sweater-lupe,,True,,,,null,,,,,,,,,,,,,,,
7495548,Hannah Sweater O-neck,hannah-sweater-o-neck,,False,,,,null,,,,,,,,,,,,,,,
1355481,Eva Cardigan,eva-cardigan-6,,False,,,,null,,,,,,,,,,,,,,,
7497912,Basic raglan sweater,basic-raglan-sweater-3,,True,,,,null,,,,,,,,,,,,,,,
7498051,Cozycottagesweater,cozycottagesweater,,False,,,,null,,,,,,,,,,,,,,,
7311435,Terracotta Sweater,terracotta-sweater-2,,False,,,,null,,,,,,,,,,,,,,,
7491345,Rujuu Sweater,rujuu-sweater,,False,,,,null,,,,,,,,,,,,,,,
840489,Cumulus Blouse,cumulus-blouse,,False,,,,null,,,,,,,,,,,,,,,
1258422,Monday Sweater Junior,monday-sweater-junior,,False,,,,null,,,,,,,,,,,,,,,
970668,Northland Sweater,northland-sweater,,False,,,,null,,,,,,,,,,,,,,,
7323659,Esther Sweater,esther-sweater-3,,False,,,,null,,,,,,,,,,,,,,,
873567,Novice Sweater,novice-sweater,,False,,,,null,,,,,,,,,,,,,,,
993179,Louisiana Sweater,louisiana-sweater,,False,,,,null,,,,,,,,,,,,,,,
1189402,DRK Everyday Sweater,drk-everyday-sweater,,False,,,,null,,,,,,,,,,,,,,,
803926,Hanstholm Sweater,hanstholm-sweater,,False,,,,null,,,,,,,,,,,,,,,
7394364,Back Yoke Sweater,back-yoke-sweater,,False,,,,null,,,,,,,,,,,,,,,
7299787,Wave Sweater,wave-sweater-4,,False,,,,null,,,,,,,,,,,,,,,
1080133,Zipper Sweater,zipper-sweater-2,,False,,,,null,,,,,,,,,,,,,,,
1342098,Blouse No. 1,blouse-no-1,,False,,,,null,,,,,,,,,,,,,,,
7495355,The Nineties,the-nineties,,False,,,,null,,,,,,,,,,,,,,,
7478239,Harvest Flower Sweater,harvest-flower-sweater,,False,,,,null,,,,,,,,,,,,,,,
7482661,Air Sweater,air-sweater-3,,False,,,,null,,,,,,,,,,,,,,,
7361391,Olga Jacket,olga-jacket,,False,,,,null,,,,,,,,,,,,,,,
1331627,Ingrid Sweater Man,ingrid-sweater-man,,False,,,,null,,,,,,,,,,,,,,,
7327070,Always 4-ever Unicorn Sweater,always-4-ever-unicorn-sweater,,False,,,,null,,,,,,,,,,,,,,,
7409662,Late Checkout Sweater,late-checkout-sweater,,False,,,,null,,,,,,,,,,,,,,,
7349096,Art Nouveau Sweater,art-nouveau-sweater,,False,,,,null,,,,,,,,,,,,,,,
7436210,Frankie Sweater Baby,frankie-sweater-baby,,False,,,,null,,,,,,,,,,,,,,,
1311624,Harlow Sweater V Neck,harlow-sweater-v-neck,,False,,,,null,,,,,,,,,,,,,,,
7284645,Flax DK,flax-dk,,True,,,,null,,,,,,,,,,,,,,,
7491061,Gwynver Sweater,gwynver-sweater,,False,,,,null,,,,,,,,,,,,,,,
1246768,Paul Klee Sweater,paul-klee-sweater,,False,,,,null,,,,,,,,,,,,,,,
7389884,Dagmar Zipper Sweater,dagmar-zipper-sweater,,False,,,,null,,,,,,,,,,,,,,,
7497133,Boyfriend Sweater,boyfriend-sweater-23,,False,,,,null,,,,,,,,,,,,,,,
7438629,SABAI Sweater,sabai-sweater,,False,,,,null,,,,,,,,,,,,,,,
7339819,Maggie Cardigan,maggie-cardigan-3,,False,,,,null,,,,,,,,,,,,,,,
1340146,Clematis Sweater,clematis-sweater-2,,False,,,,null,,,,,,,,,,,,,,,
7498565,Woods Cardigan,woods-cardigan,,False,,,,null,,,,,,,,,,,,,,,
738121,Anker's Sweater - My size,ankers-sweater---my-size,,False,,,,null,,,,,,,,,,,,,,,
1009739,Aros Sweater,aros-sweater,,False,,,,null,,,,,,,,,,,,,,,
443533,Flax worsted,flax-worsted,,True,,,,null,,,,,,,,,,,,,,,
1285522,Lakes Pullover,lakes-pullover,,False,,,,null,,,,,,,,,,,,,,,
1325302,Melange Sweater Man,melange-sweater-man,,False,,,,null,,,,,,,,,,,,,,,
731318,Anker's Sweater,ankers-sweater,,False,,,,null,,,,,,,,,,,,,,,
7474969,Lucy Cardigan and Sweater,lucy-cardigan-and-sweater,,False,,,,null,,,,,,,,,,,,,,,
1276364,Robinia Sweater,robinia-sweater,,False,,,,null,,,,,,,,,,,,,,,
7380721,Roads Sweater,roads-sweater,,False,,,,null,,,,,,,,,,,,,,,
1335425,Snowfall Sweater Scarf,snowfall-sweater-scarf,,False,,,,null,,,,,,,,,,,,,,,
7382501,Eun Sweater Light,eun-sweater-light,,False,,,,null,,,,,,,,,,,,,,,
7495682,Sidewalk Sweater,sidewalk-sweater-4,,False,,,,null,,,,,,,,,,,,,,,
1033464,Terrazzo Sweater,terrazzo-sweater,,False,,,,null,,,,,,,,,,,,,,,
7375668,Sunday Brunch Sweater,sunday-brunch-sweater,,False,,,,null,,,,,,,,,,,,,,,
7360548,Sadie Sweater,sadie-sweater,,False,,,,null,,,,,,,,,,,,,,,
7496935,Staple Sweater,staple-sweater-3,,False,,,,null,,,,,,,,,,,,,,,
1323565,Simple Sweater,simple-sweater-11,,False,,,,null,,,,,,,,,,,,,,,
7304611,440-4 Nordic Mix Sweater,440-4-nordic-mix-sweater,,False,,,,null,,,,,,,,,,,,,,,
7317709,Inge Sweater,inge-sweater,,False,,,,null,,,,,,,,,,,,,,,
7386619,Sirena Sweater,sirena-sweater,,False,,,,null,,,,,,,,,,,,,,,
7493877,Inge Isle Sweater & Cardigan,inge-isle-sweater--cardigan,,False,,,,null,,,,,,,,,,,,,,,
7491197,Kaleidoscope Sweater,kaleidoscope-sweater-8,,False,,,,null,,,,,,,,,,,,,,,
7365522,Tulip Loop Sweater,tulip-loop-sweater,,False,,,,null,,,,,,,,,,,,,,,
7315846,Cognac Sweater,cognac-sweater,,False,,,,null,,,,,,,,,,,,,,,
7476198,Roomy Raglan,roomy-raglan,,True,,,,null,,,,,,,,,,,,,,,
1294539,Holly Sweater - Adult,holly-sweater---adult,,False,,,,null,,,,,,,,,,,,,,,
7322002,ARMOR sweater,armor-sweater,,False,,,,null,,,,,,,,,,,,,,,
